DATE,PRODUCT ID,QUANTITY,SALE TYPE,PAYMENT MODE,DISCOUNT %,PRODUCT,CATEGORY,UOM,BUYING PRIZE,SELLING PRICE,NET_SALES,COST,PROFIT,YEAR,MONTH,PERIOD
2021-01-01,P0024,9,Wholesaler,Online,0,Product24,Category03,Ft,144,156.96,1412.64,1296,116.6400000000001,2021,1,2021-01
2021-01-02,P0038,15,Online,Cash,0,Product38,Category05,Kg,72,79.92,1198.8,1080,118.79999999999995,2021,1,2021-01
2021-01-02,P0013,6,Direct Sales,Cash,0,Product13,Category02,Kg,112,122.08,732.48,672,60.48000000000002,2021,1,2021-01
2021-01-03,P0004,5,Direct Sales,Online,0,Product04,Category01,Lt,44,48.84,244.20000000000002,220,24.200000000000017,2021,1,2021-01
2021-01-04,P0035,12,Online,Online,0,Product35,Category04,No.,5,6.7,80.4,60,20.400000000000006,2021,1,2021-01
2021-01-09,P0031,1,Direct Sales,Cash,0,Product31,Category04,Kg,93,104.16,104.16,93,11.159999999999997,2021,1,2021-01
2021-01-09,P0003,8,Direct Sales,Cash,0,Product03,Category01,Kg,71,80.94,647.52,568,79.51999999999998,2021,1,2021-01
2021-01-09,P0025,4,Direct Sales,Online,0,Product25,Category03,No.,7,8.33,33.32,28,5.32,2021,1,2021-01
2021-01-11,P0037,3,Direct Sales,Cash,0,Product37,Category05,Kg,67,85.76,257.28000000000003,201,56.28000000000003,2021,1,2021-01
2021-01-11,P0014,4,Wholesaler,Online,0,Product14,Category02,Kg,112,146.72,586.88,448,138.88,2021,1,2021-01
2021-01-11,P0042,4,Direct Sales,Online,0,Product42,Category05,Ft,120,162.0,648.0,480,168.0,2021,1,2021-01
2021-01-12,P0042,10,Online,Cash,0,Product42,Category05,Ft,120,162.0,1620.0,1200,420.0,2021,1,2021-01
2021-01-18,P0044,13,Direct Sales,Online,0,Product44,Category05,Kg,76,82.08,1067.04,988,79.03999999999996,2021,1,2021-01
2021-01-18,P0023,3,Online,Cash,0,Product23,Category03,Ft,141,149.46,448.38,423,25.379999999999995,2021,1,2021-01
2021-01-19,P0035,6,Direct Sales,Cash,0,Product35,Category04,No.,5,6.7,40.2,30,10.200000000000003,2021,1,2021-01
2021-01-20,P0034,4,Direct Sales,Cash,0,Product34,Category04,Lt,55,58.3,233.2,220,13.199999999999989,2021,1,2021-01
2021-01-20,P0020,4,Direct Sales,Cash,0,Product20,Category03,Lt,61,76.25,305.0,244,61.0,2021,1,2021-01
2021-01-21,P0004,15,Wholesaler,Cash,0,Product04,Category01,Lt,44,48.84,732.6,660,72.60000000000002,2021,1,2021-01
2021-01-21,P0003,9,Direct Sales,Online,0,Product03,Category01,Kg,71,80.94,728.46,639,89.46000000000004,2021,1,2021-01
2021-01-21,P0042,6,Direct Sales,Online,0,Product42,Category05,Ft,120,162.0,972.0,720,252.0,2021,1,2021-01
2021-01-25,P0034,6,Direct Sales,Cash,0,Product34,Category04,Lt,55,58.3,349.79999999999995,330,19.799999999999955,2021,1,2021-01
2021-01-25,P0035,7,Direct Sales,Online,0,Product35,Category04,No.,5,6.7,46.9,35,11.899999999999999,2021,1,2021-01
2021-01-25,P0031,14,Direct Sales,Online,0,Product31,Category04,Kg,93,104.16,1458.24,1302,156.24,2021,1,2021-01
2021-01-26,P0044,9,Wholesaler,Cash,0,Product44,Category05,Kg,76,82.08,738.72,684,54.72000000000003,2021,1,2021-01
2021-01-26,P0006,7,Online,Cash,0,Product06,Category01,Kg,75,85.5,598.5,525,73.5,2021,1,2021-01
2021-01-26,P0001,7,Online,Online,0,Product01,Category01,Kg,98,103.88,727.16,686,41.15999999999997,2021,1,2021-01
2021-01-27,P0040,7,Wholesaler,Online,0,Product40,Category05,Kg,90,115.2,806.4,630,176.39999999999998,2021,1,2021-01
2021-01-27,P0032,3,Wholesaler,Online,0,Product32,Category04,Kg,89,117.48,352.44,267,85.44,2021,1,2021-01
2021-01-28,P0004,10,Online,Cash,0,Product04,Category01,Lt,44,48.84,488.40000000000003,440,48.400000000000034,2021,1,2021-01
2021-01-28,P0029,2,Direct Sales,Cash,0,Product29,Category04,Lt,47,53.11,106.22,94,12.219999999999999,2021,1,2021-01
2021-02-02,P0010,7,Online,Online,0,Product10,Category02,Ft,148,164.28,1149.96,1036,113.96000000000004,2021,2,2021-02
2021-02-03,P0016,13,Direct Sales,Online,0,Product16,Category02,No.,13,16.64,216.32,169,47.31999999999999,2021,2,2021-02
2021-02-03,P0022,2,Wholesaler,Cash,0,Product22,Category03,Ft,121,141.57,283.14,242,41.139999999999986,2021,2,2021-02
2021-02-04,P0037,4,Online,Online,0,Product37,Category05,Kg,67,85.76,343.04,268,75.04000000000002,2021,2,2021-02
2021-02-05,P0043,7,Online,Cash,0,Product43,Category05,Kg,67,83.08,581.56,469,112.55999999999995,2021,2,2021-02
2021-02-05,P0005,1,Direct Sales,Cash,0,Product05,Category01,Ft,133,155.61,155.61,133,22.610000000000014,2021,2,2021-02
2021-02-05,P0043,9,Direct Sales,Cash,0,Product43,Category05,Kg,67,83.08,747.72,603,144.72000000000003,2021,2,2021-02
2021-02-06,P0035,1,Direct Sales,Cash,0,Product35,Category04,No.,5,6.7,6.7,5,1.7000000000000002,2021,2,2021-02
2021-02-09,P0034,14,Direct Sales,Online,0,Product34,Category04,Lt,55,58.3,816.1999999999999,770,46.19999999999993,2021,2,2021-02
2021-02-12,P0008,7,Direct Sales,Cash,0,Product08,Category01,Kg,83,94.62,662.34,581,81.34000000000003,2021,2,2021-02
2021-02-12,P0023,9,Online,Cash,0,Product23,Category03,Ft,141,149.46,1345.14,1269,76.1400000000001,2021,2,2021-02
2021-02-15,P0027,4,Direct Sales,Online,0,Product27,Category04,Lt,48,57.120000000000005,228.48000000000002,192,36.48000000000002,2021,2,2021-02
2021-02-18,P0015,6,Online,Cash,0,Product15,Category02,No.,12,15.72,94.32000000000001,72,22.320000000000007,2021,2,2021-02
2021-02-20,P0030,11,Online,Cash,0,Product30,Category04,Ft,148,201.28,2214.08,1628,586.0799999999999,2021,2,2021-02
2021-02-22,P0013,5,Online,Cash,0,Product13,Category02,Kg,112,122.08,610.4,560,50.39999999999998,2021,2,2021-02
2021-02-23,P0025,3,Direct Sales,Cash,0,Product25,Category03,No.,7,8.33,24.990000000000002,21,3.990000000000002,2021,2,2021-02
2021-02-23,P0005,2,Direct Sales,Online,0,Product05,Category01,Ft,133,155.61,311.22,266,45.22000000000003,2021,2,2021-02
2021-02-25,P0002,4,Wholesaler,Online,0,Product02,Category01,Kg,105,142.8,571.2,420,151.20000000000005,2021,2,2021-02
2021-02-25,P0032,11,Online,Cash,0,Product32,Category04,Kg,89,117.48,1292.28,979,313.28,2021,2,2021-02
2021-02-25,P0030,2,Direct Sales,Online,0,Product30,Category04,Ft,148,201.28,402.56,296,106.56,2021,2,2021-02
2021-02-27,P0018,11,Wholesaler,Online,0,Product18,Category02,No.,37,49.21,541.3100000000001,407,134.31000000000006,2021,2,2021-02
2021-03-03,P0011,1,Direct Sales,Online,0,Product11,Category02,Lt,44,48.4,48.4,44,4.399999999999999,2021,3,2021-03
2021-03-07,P0021,9,Direct Sales,Cash,0,Product21,Category03,Ft,126,162.54,1462.86,1134,328.8599999999999,2021,3,2021-03
2021-03-08,P0027,6,Online,Cash,0,Product27,Category04,Lt,48,57.120000000000005,342.72,288,54.72000000000003,2021,3,2021-03
2021-03-08,P0044,9,Online,Online,0,Product44,Category05,Kg,76,82.08,738.72,684,54.72000000000003,2021,3,2021-03
2021-03-09,P0029,6,Wholesaler,Online,0,Product29,Category04,Lt,47,53.11,318.65999999999997,282,36.65999999999997,2021,3,2021-03
2021-03-11,P0025,11,Direct Sales,Cash,0,Product25,Category03,No.,7,8.33,91.63,77,14.629999999999995,2021,3,2021-03
2021-03-13,P0028,10,Wholesaler,Cash,0,Product28,Category04,No.,37,41.81,418.1,370,48.10000000000002,2021,3,2021-03
2021-03-15,P0039,11,Online,Cash,0,Product39,Category05,No.,37,42.55,468.04999999999995,407,61.049999999999955,2021,3,2021-03
2021-03-16,P0012,14,Direct Sales,Cash,0,Product12,Category02,Kg,73,94.17,1318.38,1022,296.3800000000001,2021,3,2021-03
2021-03-18,P0042,8,Wholesaler,Cash,0,Product42,Category05,Ft,120,162.0,1296.0,960,336.0,2021,3,2021-03
2021-03-19,P0028,9,Online,Cash,0,Product28,Category04,No.,37,41.81,376.29,333,43.29000000000002,2021,3,2021-03
2021-03-21,P0020,13,Online,Online,0,Product20,Category03,Lt,61,76.25,991.25,793,198.25,2021,3,2021-03
2021-03-21,P0039,7,Direct Sales,Online,0,Product39,Category05,No.,37,42.55,297.84999999999997,259,38.849999999999966,2021,3,2021-03
2021-03-22,P0002,8,Online,Online,0,Product02,Category01,Kg,105,142.8,1142.4,840,302.4000000000001,2021,3,2021-03
2021-03-22,P0012,4,Online,Online,0,Product12,Category02,Kg,73,94.17,376.68,292,84.68,2021,3,2021-03
2021-03-25,P0024,14,Online,Cash,0,Product24,Category03,Ft,144,156.96,2197.44,2016,181.44000000000005,2021,3,2021-03
2021-03-25,P0006,4,Direct Sales,Cash,0,Product06,Category01,Kg,75,85.5,342.0,300,42.0,2021,3,2021-03
2021-03-25,P0029,8,Direct Sales,Cash,0,Product29,Category04,Lt,47,53.11,424.88,376,48.879999999999995,2021,3,2021-03
2021-03-25,P0038,2,Direct Sales,Online,0,Product38,Category05,Kg,72,79.92,159.84,144,15.840000000000003,2021,3,2021-03
2021-03-26,P0001,4,Direct Sales,Cash,0,Product01,Category01,Kg,98,103.88,415.52,392,23.519999999999982,2021,3,2021-03
2021-03-26,P0042,1,Direct Sales,Cash,0,Product42,Category05,Ft,120,162.0,162.0,120,42.0,2021,3,2021-03
2021-03-26,P0010,9,Direct Sales,Online,0,Product10,Category02,Ft,148,164.28,1478.52,1332,146.51999999999998,2021,3,2021-03
2021-03-27,P0030,3,Direct Sales,Online,0,Product30,Category04,Ft,148,201.28,603.84,444,159.84000000000003,2021,3,2021-03
2021-03-28,P0007,8,Online,Cash,0,Product07,Category01,Lt,43,47.73,381.84,344,37.839999999999975,2021,3,2021-03
2021-03-30,P0038,1,Online,Cash,0,Product38,Category05,Kg,72,79.92,79.92,72,7.920000000000002,2021,3,2021-03
2021-03-31,P0042,3,Direct Sales,Cash,0,Product42,Category05,Ft,120,162.0,486.0,360,126.0,2021,3,2021-03
2021-04-04,P0040,4,Direct Sales,Cash,0,Product40,Category05,Kg,90,115.2,460.8,360,100.80000000000001,2021,4,2021-04
2021-04-04,P0009,9,Online,Cash,0,Product09,Category01,No.,6,7.859999999999999,70.74,54,16.739999999999995,2021,4,2021-04
2021-04-05,P0031,15,Online,Online,0,Product31,Category04,Kg,93,104.16,1562.3999999999999,1395,167.39999999999986,2021,4,2021-04
2021-04-09,P0005,3,Online,Online,0,Product05,Category01,Ft,133,155.61,466.83000000000004,399,67.83000000000004,2021,4,2021-04
2021-04-10,P0022,14,Direct Sales,Online,0,Product22,Category03,Ft,121,141.57,1981.98,1694,287.98,2021,4,2021-04
2021-04-12,P0037,3,Direct Sales,Cash,0,Product37,Category05,Kg,67,85.76,257.28000000000003,201,56.28000000000003,2021,4,2021-04
2021-04-12,P0029,4,Direct Sales,Online,0,Product29,Category04,Lt,47,53.11,212.44,188,24.439999999999998,2021,4,2021-04
2021-04-12,P0027,9,Direct Sales,Online,0,Product27,Category04,Lt,48,57.120000000000005,514.08,432,82.08000000000004,2021,4,2021-04
2021-04-12,P0033,13,Direct Sales,Cash,0,Product33,Category04,Kg,95,119.7,1556.1000000000001,1235,321.10000000000014,2021,4,2021-04
2021-04-15,P0017,3,Direct Sales,Online,0,Product17,Category02,Ft,134,156.78,470.34000000000003,402,68.34000000000003,2021,4,2021-04
2021-04-16,P0018,15,Direct Sales,Cash,0,Product18,Category02,No.,37,49.21,738.15,555,183.14999999999998,2021,4,2021-04
2021-04-18,P0038,9,Wholesaler,Online,0,Product38,Category05,Kg,72,79.92,719.28,648,71.27999999999997,2021,4,2021-04
2021-04-18,P0019,13,Direct Sales,Cash,0,Product19,Category02,Ft,150,210.0,2730.0,1950,780.0,2021,4,2021-04
2021-04-23,P0042,6,Direct Sales,Online,0,Product42,Category05,Ft,120,162.0,972.0,720,252.0,2021,4,2021-04
2021-04-23,P0028,10,Direct Sales,Online,0,Product28,Category04,No.,37,41.81,418.1,370,48.10000000000002,2021,4,2021-04
2021-04-24,P0030,2,Online,Online,0,Product30,Category04,Ft,148,201.28,402.56,296,106.56,2021,4,2021-04
2021-04-26,P0037,3,Direct Sales,Online,0,Product37,Category05,Kg,67,85.76,257.28000000000003,201,56.28000000000003,2021,4,2021-04
2021-04-29,P0030,7,Direct Sales,Online,0,Product30,Category04,Ft,148,201.28,1408.96,1036,372.96000000000004,2021,4,2021-04
2021-04-30,P0029,1,Direct Sales,Online,0,Product29,Category04,Lt,47,53.11,53.11,47,6.109999999999999,2021,4,2021-04
2021-05-01,P0018,3,Online,Cash,0,Product18,Category02,No.,37,49.21,147.63,111,36.629999999999995,2021,5,2021-05
2021-05-01,P0042,1,Online,Cash,0,Product42,Category05,Ft,120,162.0,162.0,120,42.0,2021,5,2021-05
2021-05-03,P0034,3,Online,Online,0,Product34,Category04,Lt,55,58.3,174.89999999999998,165,9.899999999999977,2021,5,2021-05
2021-05-04,P0015,13,Online,Online,0,Product15,Category02,No.,12,15.72,204.36,156,48.360000000000014,2021,5,2021-05
2021-05-04,P0014,4,Direct Sales,Cash,0,Product14,Category02,Kg,112,146.72,586.88,448,138.88,2021,5,2021-05
2021-05-05,P0009,13,Direct Sales,Cash,0,Product09,Category01,No.,6,7.859999999999999,102.17999999999999,78,24.179999999999993,2021,5,2021-05
2021-05-06,P0008,15,Direct Sales,Online,0,Product08,Category01,Kg,83,94.62,1419.3000000000002,1245,174.30000000000018,2021,5,2021-05
2021-05-06,P0009,6,Online,Online,0,Product09,Category01,No.,6,7.859999999999999,47.16,36,11.159999999999997,2021,5,2021-05
2021-05-07,P0018,1,Direct Sales,Cash,0,Product18,Category02,No.,37,49.21,49.21,37,12.21,2021,5,2021-05
2021-05-09,P0016,6,Online,Online,0,Product16,Category02,No.,13,16.64,99.84,78,21.840000000000003,2021,5,2021-05
2021-05-09,P0028,8,Direct Sales,Cash,0,Product28,Category04,No.,37,41.81,334.48,296,38.48000000000002,2021,5,2021-05
2021-05-12,P0016,3,Direct Sales,Online,0,Product16,Category02,No.,13,16.64,49.92,39,10.920000000000002,2021,5,2021-05
2021-05-12,P0035,15,Direct Sales,Online,0,Product35,Category04,No.,5,6.7,100.5,75,25.5,2021,5,2021-05
2021-05-13,P0029,4,Direct Sales,Online,0,Product29,Category04,Lt,47,53.11,212.44,188,24.439999999999998,2021,5,2021-05
2021-05-20,P0042,2,Online,Cash,0,Product42,Category05,Ft,120,162.0,324.0,240,84.0,2021,5,2021-05
2021-05-23,P0040,11,Direct Sales,Online,0,Product40,Category05,Kg,90,115.2,1267.2,990,277.20000000000005,2021,5,2021-05
2021-05-30,P0023,13,Online,Online,0,Product23,Category03,Ft,141,149.46,1942.98,1833,109.98000000000002,2021,5,2021-05
2021-05-30,P0013,6,Online,Cash,0,Product13,Category02,Kg,112,122.08,732.48,672,60.48000000000002,2021,5,2021-05
2021-06-03,P0021,10,Direct Sales,Cash,0,Product21,Category03,Ft,126,162.54,1625.3999999999999,1260,365.39999999999986,2021,6,2021-06
2021-06-04,P0020,8,Wholesaler,Online,0,Product20,Category03,Lt,61,76.25,610.0,488,122.0,2021,6,2021-06
2021-06-04,P0020,12,Online,Cash,0,Product20,Category03,Lt,61,76.25,915.0,732,183.0,2021,6,2021-06
2021-06-05,P0022,15,Wholesaler,Online,0,Product22,Category03,Ft,121,141.57,2123.5499999999997,1815,308.5499999999997,2021,6,2021-06
2021-06-05,P0035,10,Direct Sales,Online,0,Product35,Category04,No.,5,6.7,67.0,50,17.0,2021,6,2021-06
2021-06-06,P0033,6,Direct Sales,Online,0,Product33,Category04,Kg,95,119.7,718.2,570,148.20000000000005,2021,6,2021-06
2021-06-08,P0028,11,Direct Sales,Online,0,Product28,Category04,No.,37,41.81,459.91,407,52.910000000000025,2021,6,2021-06
2021-06-08,P0004,11,Wholesaler,Cash,0,Product04,Category01,Lt,44,48.84,537.24,484,53.24000000000001,2021,6,2021-06
2021-06-09,P0001,7,Direct Sales,Online,0,Product01,Category01,Kg,98,103.88,727.16,686,41.15999999999997,2021,6,2021-06
2021-06-11,P0032,12,Wholesaler,Cash,0,Product32,Category04,Kg,89,117.48,1409.76,1068,341.76,2021,6,2021-06
2021-06-12,P0041,6,Direct Sales,Online,0,Product41,Category05,Ft,138,173.88,1043.28,828,215.27999999999997,2021,6,2021-06
2021-06-14,P0025,10,Online,Cash,0,Product25,Category03,No.,7,8.33,83.3,70,13.299999999999997,2021,6,2021-06
2021-06-16,P0019,5,Wholesaler,Cash,0,Product19,Category02,Ft,150,210.0,1050.0,750,300.0,2021,6,2021-06
2021-06-16,P0015,12,Online,Cash,0,Product15,Category02,No.,12,15.72,188.64000000000001,144,44.640000000000015,2021,6,2021-06
2021-06-16,P0039,11,Direct Sales,Cash,0,Product39,Category05,No.,37,42.55,468.04999999999995,407,61.049999999999955,2021,6,2021-06
2021-06-18,P0025,13,Direct Sales,Cash,0,Product25,Category03,No.,7,8.33,108.29,91,17.290000000000006,2021,6,2021-06
2021-06-19,P0041,5,Direct Sales,Online,0,Product41,Category05,Ft,138,173.88,869.4,690,179.39999999999998,2021,6,2021-06
2021-06-20,P0016,1,Wholesaler,Cash,0,Product16,Category02,No.,13,16.64,16.64,13,3.6400000000000006,2021,6,2021-06
2021-06-23,P0016,4,Direct Sales,Online,0,Product16,Category02,No.,13,16.64,66.56,52,14.560000000000002,2021,6,2021-06
2021-06-24,P0011,13,Direct Sales,Online,0,Product11,Category02,Lt,44,48.4,629.1999999999999,572,57.19999999999993,2021,6,2021-06
2021-06-26,P0009,7,Online,Online,0,Product09,Category01,No.,6,7.859999999999999,55.019999999999996,42,13.019999999999996,2021,6,2021-06
2021-06-27,P0005,11,Direct Sales,Cash,0,Product05,Category01,Ft,133,155.61,1711.71,1463,248.71000000000004,2021,6,2021-06
2021-06-28,P0021,2,Online,Cash,0,Product21,Category03,Ft,126,162.54,325.08,252,73.07999999999998,2021,6,2021-06
2021-06-28,P0035,7,Online,Online,0,Product35,Category04,No.,5,6.7,46.9,35,11.899999999999999,2021,6,2021-06
2021-06-29,P0014,4,Direct Sales,Online,0,Product14,Category02,Kg,112,146.72,586.88,448,138.88,2021,6,2021-06
2021-07-01,P0005,11,Direct Sales,Cash,0,Product05,Category01,Ft,133,155.61,1711.71,1463,248.71000000000004,2021,7,2021-07
2021-07-02,P0010,11,Direct Sales,Cash,0,Product10,Category02,Ft,148,164.28,1807.08,1628,179.07999999999993,2021,7,2021-07
2021-07-03,P0033,9,Online,Cash,0,Product33,Category04,Kg,95,119.7,1077.3,855,222.29999999999995,2021,7,2021-07
2021-07-03,P0003,8,Online,Cash,0,Product03,Category01,Kg,71,80.94,647.52,568,79.51999999999998,2021,7,2021-07
2021-07-05,P0002,8,Direct Sales,Online,0,Product02,Category01,Kg,105,142.8,1142.4,840,302.4000000000001,2021,7,2021-07
2021-07-06,P0041,15,Direct Sales,Cash,0,Product41,Category05,Ft,138,173.88,2608.2,2070,538.1999999999998,2021,7,2021-07
2021-07-08,P0004,10,Direct Sales,Online,0,Product04,Category01,Lt,44,48.84,488.40000000000003,440,48.400000000000034,2021,7,2021-07
2021-07-10,P0034,6,Wholesaler,Cash,0,Product34,Category04,Lt,55,58.3,349.79999999999995,330,19.799999999999955,2021,7,2021-07
2021-07-11,P0009,4,Wholesaler,Online,0,Product09,Category01,No.,6,7.859999999999999,31.439999999999998,24,7.439999999999998,2021,7,2021-07
2021-07-13,P0019,1,Direct Sales,Cash,0,Product19,Category02,Ft,150,210.0,210.0,150,60.0,2021,7,2021-07
2021-07-16,P0023,8,Wholesaler,Cash,0,Product23,Category03,Ft,141,149.46,1195.68,1128,67.68000000000006,2021,7,2021-07
2021-07-18,P0027,14,Online,Online,0,Product27,Category04,Lt,48,57.120000000000005,799.6800000000001,672,127.68000000000006,2021,7,2021-07
2021-07-20,P0038,11,Online,Online,0,Product38,Category05,Kg,72,79.92,879.12,792,87.12,2021,7,2021-07
2021-07-20,P0043,5,Direct Sales,Online,0,Product43,Category05,Kg,67,83.08,415.4,335,80.39999999999998,2021,7,2021-07
2021-07-21,P0029,15,Direct Sales,Online,0,Product29,Category04,Lt,47,53.11,796.65,705,91.64999999999998,2021,7,2021-07
2021-07-22,P0026,3,Wholesaler,Cash,0,Product26,Category04,No.,18,24.66,73.98,54,19.980000000000004,2021,7,2021-07
2021-07-22,P0024,14,Online,Cash,0,Product24,Category03,Ft,144,156.96,2197.44,2016,181.44000000000005,2021,7,2021-07
2021-07-23,P0036,7,Wholesaler,Online,0,Product36,Category04,Kg,90,96.3,674.1,630,44.10000000000002,2021,7,2021-07
2021-07-23,P0037,8,Direct Sales,Online,0,Product37,Category05,Kg,67,85.76,686.08,536,150.08000000000004,2021,7,2021-07
2021-07-24,P0009,4,Online,Cash,0,Product09,Category01,No.,6,7.859999999999999,31.439999999999998,24,7.439999999999998,2021,7,2021-07
2021-07-29,P0044,15,Online,Cash,0,Product44,Category05,Kg,76,82.08,1231.2,1140,91.20000000000005,2021,7,2021-07
2021-08-01,P0001,11,Direct Sales,Cash,0,Product01,Category01,Kg,98,103.88,1142.6799999999998,1078,64.67999999999984,2021,8,2021-08
2021-08-02,P0023,3,Direct Sales,Online,0,Product23,Category03,Ft,141,149.46,448.38,423,25.379999999999995,2021,8,2021-08
2021-08-03,P0022,13,Online,Online,0,Product22,Category03,Ft,121,141.57,1840.4099999999999,1573,267.40999999999985,2021,8,2021-08
2021-08-03,P0034,12,Online,Online,0,Product34,Category04,Lt,55,58.3,699.5999999999999,660,39.59999999999991,2021,8,2021-08
2021-08-05,P0028,14,Direct Sales,Cash,0,Product28,Category04,No.,37,41.81,585.34,518,67.34000000000003,2021,8,2021-08
2021-08-06,P0037,1,Wholesaler,Cash,0,Product37,Category05,Kg,67,85.76,85.76,67,18.760000000000005,2021,8,2021-08
2021-08-10,P0005,4,Wholesaler,Cash,0,Product05,Category01,Ft,133,155.61,622.44,532,90.44000000000005,2021,8,2021-08
2021-08-10,P0044,10,Online,Cash,0,Product44,Category05,Kg,76,82.08,820.8,760,60.799999999999955,2021,8,2021-08
2021-08-10,P0006,6,Direct Sales,Cash,0,Product06,Category01,Kg,75,85.5,513.0,450,63.0,2021,8,2021-08
2021-08-11,P0023,4,Direct Sales,Online,0,Product23,Category03,Ft,141,149.46,597.84,564,33.84000000000003,2021,8,2021-08
2021-08-13,P0011,13,Direct Sales,Online,0,Product11,Category02,Lt,44,48.4,629.1999999999999,572,57.19999999999993,2021,8,2021-08
2021-08-13,P0027,9,Direct Sales,Online,0,Product27,Category04,Lt,48,57.120000000000005,514.08,432,82.08000000000004,2021,8,2021-08
2021-08-16,P0003,3,Online,Online,0,Product03,Category01,Kg,71,80.94,242.82,213,29.819999999999993,2021,8,2021-08
2021-08-18,P0025,6,Direct Sales,Online,0,Product25,Category03,No.,7,8.33,49.980000000000004,42,7.980000000000004,2021,8,2021-08
2021-08-20,P0020,15,Direct Sales,Cash,0,Product20,Category03,Lt,61,76.25,1143.75,915,228.75,2021,8,2021-08
2021-08-20,P0031,9,Direct Sales,Online,0,Product31,Category04,Kg,93,104.16,937.4399999999999,837,100.43999999999994,2021,8,2021-08
2021-08-20,P0028,13,Direct Sales,Online,0,Product28,Category04,No.,37,41.81,543.53,481,62.52999999999997,2021,8,2021-08
2021-08-26,P0039,4,Direct Sales,Online,0,Product39,Category05,No.,37,42.55,170.2,148,22.19999999999999,2021,8,2021-08
2021-08-29,P0034,12,Wholesaler,Online,0,Product34,Category04,Lt,55,58.3,699.5999999999999,660,39.59999999999991,2021,8,2021-08
2021-08-30,P0013,13,Direct Sales,Online,0,Product13,Category02,Kg,112,122.08,1587.04,1456,131.03999999999996,2021,8,2021-08
2021-08-31,P0001,2,Direct Sales,Online,0,Product01,Category01,Kg,98,103.88,207.76,196,11.759999999999991,2021,8,2021-08
2021-08-31,P0035,11,Direct Sales,Online,0,Product35,Category04,No.,5,6.7,73.7,55,18.700000000000003,2021,8,2021-08
2021-09-01,P0024,1,Wholesaler,Cash,0,Product24,Category03,Ft,144,156.96,156.96,144,12.960000000000008,2021,9,2021-09
2021-09-01,P0003,14,Online,Online,0,Product03,Category01,Kg,71,80.94,1133.1599999999999,994,139.15999999999985,2021,9,2021-09
2021-09-03,P0041,8,Direct Sales,Online,0,Product41,Category05,Ft,138,173.88,1391.04,1104,287.03999999999996,2021,9,2021-09
2021-09-04,P0028,7,Direct Sales,Online,0,Product28,Category04,No.,37,41.81,292.67,259,33.670000000000016,2021,9,2021-09
2021-09-04,P0023,15,Direct Sales,Online,0,Product23,Category03,Ft,141,149.46,2241.9,2115,126.90000000000009,2021,9,2021-09
2021-09-05,P0032,1,Direct Sales,Cash,0,Product32,Category04,Kg,89,117.48,117.48,89,28.480000000000004,2021,9,2021-09
2021-09-07,P0019,5,Direct Sales,Online,0,Product19,Category02,Ft,150,210.0,1050.0,750,300.0,2021,9,2021-09
2021-09-09,P0044,4,Direct Sales,Online,0,Product44,Category05,Kg,76,82.08,328.32,304,24.319999999999993,2021,9,2021-09
2021-09-10,P0030,6,Direct Sales,Online,0,Product30,Category04,Ft,148,201.28,1207.68,888,319.68000000000006,2021,9,2021-09
2021-09-10,P0001,9,Wholesaler,Online,0,Product01,Category01,Kg,98,103.88,934.92,882,52.91999999999996,2021,9,2021-09
2021-09-10,P0026,2,Direct Sales,Online,0,Product26,Category04,No.,18,24.66,49.32,36,13.32,2021,9,2021-09
2021-09-11,P0001,6,Wholesaler,Online,0,Product01,Category01,Kg,98,103.88,623.28,588,35.27999999999997,2021,9,2021-09
2021-09-13,P0041,7,Direct Sales,Cash,0,Product41,Category05,Ft,138,173.88,1217.1599999999999,966,251.15999999999985,2021,9,2021-09
2021-09-15,P0042,6,Direct Sales,Online,0,Product42,Category05,Ft,120,162.0,972.0,720,252.0,2021,9,2021-09
2021-09-15,P0042,14,Direct Sales,Online,0,Product42,Category05,Ft,120,162.0,2268.0,1680,588.0,2021,9,2021-09
2021-09-21,P0020,7,Wholesaler,Cash,0,Product20,Category03,Lt,61,76.25,533.75,427,106.75,2021,9,2021-09
2021-09-22,P0040,2,Online,Cash,0,Product40,Category05,Kg,90,115.2,230.4,180,50.400000000000006,2021,9,2021-09
2021-09-22,P0002,4,Direct Sales,Cash,0,Product02,Category01,Kg,105,142.8,571.2,420,151.20000000000005,2021,9,2021-09
2021-09-23,P0018,12,Direct Sales,Cash,0,Product18,Category02,No.,37,49.21,590.52,444,146.51999999999998,2021,9,2021-09
2021-09-23,P0021,7,Online,Online,0,Product21,Category03,Ft,126,162.54,1137.78,882,255.77999999999997,2021,9,2021-09
2021-09-27,P0034,1,Direct Sales,Cash,0,Product34,Category04,Lt,55,58.3,58.3,55,3.299999999999997,2021,9,2021-09
2021-09-30,P0014,9,Online,Online,0,Product14,Category02,Kg,112,146.72,1320.48,1008,312.48,2021,9,2021-09
2021-09-30,P0006,5,Online,Online,0,Product06,Category01,Kg,75,85.5,427.5,375,52.5,2021,9,2021-09
2021-10-01,P0030,14,Online,Cash,0,Product30,Category04,Ft,148,201.28,2817.92,2072,745.9200000000001,2021,10,2021-10
2021-10-02,P0014,15,Direct Sales,Online,0,Product14,Category02,Kg,112,146.72,2200.8,1680,520.8000000000002,2021,10,2021-10
2021-10-03,P0019,9,Direct Sales,Online,0,Product19,Category02,Ft,150,210.0,1890.0,1350,540.0,2021,10,2021-10
2021-10-06,P0035,1,Direct Sales,Online,0,Product35,Category04,No.,5,6.7,6.7,5,1.7000000000000002,2021,10,2021-10
2021-10-06,P0036,12,Online,Online,0,Product36,Category04,Kg,90,96.3,1155.6,1080,75.59999999999991,2021,10,2021-10
2021-10-07,P0026,6,Direct Sales,Cash,0,Product26,Category04,No.,18,24.66,147.96,108,39.96000000000001,2021,10,2021-10
2021-10-09,P0038,5,Direct Sales,Cash,0,Product38,Category05,Kg,72,79.92,399.6,360,39.60000000000002,2021,10,2021-10
2021-10-09,P0032,11,Online,Cash,0,Product32,Category04,Kg,89,117.48,1292.28,979,313.28,2021,10,2021-10
2021-10-10,P0035,14,Direct Sales,Cash,0,Product35,Category04,No.,5,6.7,93.8,70,23.799999999999997,2021,10,2021-10
2021-10-11,P0011,15,Direct Sales,Cash,0,Product11,Category02,Lt,44,48.4,726.0,660,66.0,2021,10,2021-10
2021-10-12,P0027,8,Online,Online,0,Product27,Category04,Lt,48,57.120000000000005,456.96000000000004,384,72.96000000000004,2021,10,2021-10
2021-10-17,P0001,13,Direct Sales,Online,0,Product01,Category01,Kg,98,103.88,1350.44,1274,76.44000000000005,2021,10,2021-10
2021-10-18,P0025,6,Online,Cash,0,Product25,Category03,No.,7,8.33,49.980000000000004,42,7.980000000000004,2021,10,2021-10
2021-10-18,P0021,13,Online,Cash,0,Product21,Category03,Ft,126,162.54,2113.02,1638,475.02,2021,10,2021-10
2021-10-22,P0011,7,Direct Sales,Cash,0,Product11,Category02,Lt,44,48.4,338.8,308,30.80000000000001,2021,10,2021-10
2021-10-22,P0024,13,Online,Cash,0,Product24,Category03,Ft,144,156.96,2040.48,1872,168.48000000000002,2021,10,2021-10
2021-10-22,P0009,1,Direct Sales,Cash,0,Product09,Category01,No.,6,7.859999999999999,7.859999999999999,6,1.8599999999999994,2021,10,2021-10
2021-10-24,P0011,3,Wholesaler,Cash,0,Product11,Category02,Lt,44,48.4,145.2,132,13.199999999999989,2021,10,2021-10
2021-10-25,P0044,9,Online,Cash,0,Product44,Category05,Kg,76,82.08,738.72,684,54.72000000000003,2021,10,2021-10
2021-10-26,P0004,6,Wholesaler,Cash,0,Product04,Category01,Lt,44,48.84,293.04,264,29.04000000000002,2021,10,2021-10
2021-10-28,P0008,1,Direct Sales,Cash,0,Product08,Category01,Kg,83,94.62,94.62,83,11.620000000000005,2021,10,2021-10
2021-10-29,P0038,14,Online,Online,0,Product38,Category05,Kg,72,79.92,1118.88,1008,110.88000000000011,2021,10,2021-10
2021-10-31,P0021,6,Online,Cash,0,Product21,Category03,Ft,126,162.54,975.24,756,219.24,2021,10,2021-10
2021-11-03,P0013,12,Direct Sales,Cash,0,Product13,Category02,Kg,112,122.08,1464.96,1344,120.96000000000004,2021,11,2021-11
2021-11-06,P0036,10,Direct Sales,Online,0,Product36,Category04,Kg,90,96.3,963.0,900,63.0,2021,11,2021-11
2021-11-08,P0007,15,Direct Sales,Online,0,Product07,Category01,Lt,43,47.73,715.9499999999999,645,70.94999999999993,2021,11,2021-11
2021-11-10,P0042,6,Online,Cash,0,Product42,Category05,Ft,120,162.0,972.0,720,252.0,2021,11,2021-11
2021-11-11,P0040,12,Wholesaler,Online,0,Product40,Category05,Kg,90,115.2,1382.4,1080,302.4000000000001,2021,11,2021-11
2021-11-12,P0010,3,Online,Cash,0,Product10,Category02,Ft,148,164.28,492.84000000000003,444,48.84000000000003,2021,11,2021-11
2021-11-20,P0034,14,Online,Online,0,Product34,Category04,Lt,55,58.3,816.1999999999999,770,46.19999999999993,2021,11,2021-11
2021-11-20,P0008,11,Online,Cash,0,Product08,Category01,Kg,83,94.62,1040.8200000000002,913,127.82000000000016,2021,11,2021-11
2021-11-21,P0014,1,Wholesaler,Online,0,Product14,Category02,Kg,112,146.72,146.72,112,34.72,2021,11,2021-11
2021-11-21,P0006,1,Online,Cash,0,Product06,Category01,Kg,75,85.5,85.5,75,10.5,2021,11,2021-11
2021-11-27,P0012,8,Online,Online,0,Product12,Category02,Kg,73,94.17,753.36,584,169.36,2021,11,2021-11
2021-11-28,P0040,2,Direct Sales,Cash,0,Product40,Category05,Kg,90,115.2,230.4,180,50.400000000000006,2021,11,2021-11
2021-11-30,P0039,15,Direct Sales,Online,0,Product39,Category05,No.,37,42.55,638.25,555,83.25,2021,11,2021-11
2021-12-02,P0016,10,Direct Sales,Cash,0,Product16,Category02,No.,13,16.64,166.4,130,36.400000000000006,2021,12,2021-12
2021-12-03,P0034,2,Online,Cash,0,Product34,Category04,Lt,55,58.3,116.6,110,6.599999999999994,2021,12,2021-12
2021-12-03,P0019,8,Online,Online,0,Product19,Category02,Ft,150,210.0,1680.0,1200,480.0,2021,12,2021-12
2021-12-05,P0004,15,Direct Sales,Cash,0,Product04,Category01,Lt,44,48.84,732.6,660,72.60000000000002,2021,12,2021-12
2021-12-05,P0010,1,Direct Sales,Online,0,Product10,Category02,Ft,148,164.28,164.28,148,16.28,2021,12,2021-12
2021-12-07,P0013,8,Direct Sales,Online,0,Product13,Category02,Kg,112,122.08,976.64,896,80.63999999999999,2021,12,2021-12
2021-12-08,P0044,14,Direct Sales,Online,0,Product44,Category05,Kg,76,82.08,1149.12,1064,85.11999999999989,2021,12,2021-12
2021-12-14,P0042,4,Direct Sales,Online,0,Product42,Category05,Ft,120,162.0,648.0,480,168.0,2021,12,2021-12
2021-12-18,P0003,2,Direct Sales,Cash,0,Product03,Category01,Kg,71,80.94,161.88,142,19.879999999999995,2021,12,2021-12
2021-12-18,P0022,8,Online,Cash,0,Product22,Category03,Ft,121,141.57,1132.56,968,164.55999999999995,2021,12,2021-12
2021-12-19,P0023,12,Direct Sales,Online,0,Product23,Category03,Ft,141,149.46,1793.52,1692,101.51999999999998,2021,12,2021-12
2021-12-19,P0029,3,Wholesaler,Online,0,Product29,Category04,Lt,47,53.11,159.32999999999998,141,18.329999999999984,2021,12,2021-12
2021-12-19,P0011,10,Online,Online,0,Product11,Category02,Lt,44,48.4,484.0,440,44.0,2021,12,2021-12
2021-12-20,P0012,14,Direct Sales,Online,0,Product12,Category02,Kg,73,94.17,1318.38,1022,296.3800000000001,2021,12,2021-12
2021-12-21,P0026,10,Online,Cash,0,Product26,Category04,No.,18,24.66,246.6,180,66.6,2021,12,2021-12
2021-12-24,P0042,8,Wholesaler,Cash,0,Product42,Category05,Ft,120,162.0,1296.0,960,336.0,2021,12,2021-12
2021-12-24,P0036,8,Wholesaler,Online,0,Product36,Category04,Kg,90,96.3,770.4,720,50.39999999999998,2021,12,2021-12
2021-12-26,P0041,14,Online,Cash,0,Product41,Category05,Ft,138,173.88,2434.3199999999997,1932,502.3199999999997,2021,12,2021-12
2021-12-27,P0029,14,Direct Sales,Cash,0,Product29,Category04,Lt,47,53.11,743.54,658,85.53999999999996,2021,12,2021-12
2021-12-28,P0029,6,Direct Sales,Cash,0,Product29,Category04,Lt,47,53.11,318.65999999999997,282,36.65999999999997,2021,12,2021-12
2021-12-30,P0010,13,Online,Online,0,Product10,Category02,Ft,148,164.28,2135.64,1924,211.63999999999987,2021,12,2021-12
2022-01-01,P0022,1,Wholesaler,Cash,0,Product22,Category03,Ft,121,141.57,141.57,121,20.569999999999993,2022,1,2022-01
2022-01-02,P0010,7,Direct Sales,Cash,0,Product10,Category02,Ft,148,164.28,1149.96,1036,113.96000000000004,2022,1,2022-01
2022-01-02,P0015,2,Online,Cash,0,Product15,Category02,No.,12,15.72,31.44,24,7.440000000000001,2022,1,2022-01
2022-01-02,P0033,1,Direct Sales,Cash,0,Product33,Category04,Kg,95,119.7,119.7,95,24.700000000000003,2022,1,2022-01
2022-01-03,P0043,9,Direct Sales,Cash,0,Product43,Category05,Kg,67,83.08,747.72,603,144.72000000000003,2022,1,2022-01
2022-01-04,P0012,8,Direct Sales,Online,0,Product12,Category02,Kg,73,94.17,753.36,584,169.36,2022,1,2022-01
2022-01-04,P0029,1,Online,Online,0,Product29,Category04,Lt,47,53.11,53.11,47,6.109999999999999,2022,1,2022-01
2022-01-09,P0032,12,Direct Sales,Online,0,Product32,Category04,Kg,89,117.48,1409.76,1068,341.76,2022,1,2022-01
2022-01-10,P0034,14,Online,Online,0,Product34,Category04,Lt,55,58.3,816.1999999999999,770,46.19999999999993,2022,1,2022-01
2022-01-11,P0032,2,Direct Sales,Online,0,Product32,Category04,Kg,89,117.48,234.96,178,56.96000000000001,2022,1,2022-01
2022-01-13,P0019,6,Online,Online,0,Product19,Category02,Ft,150,210.0,1260.0,900,360.0,2022,1,2022-01
2022-01-14,P0011,14,Direct Sales,Online,0,Product11,Category02,Lt,44,48.4,677.6,616,61.60000000000002,2022,1,2022-01
2022-01-15,P0022,10,Direct Sales,Cash,0,Product22,Category03,Ft,121,141.57,1415.6999999999998,1210,205.69999999999982,2022,1,2022-01
2022-01-16,P0014,11,Online,Cash,0,Product14,Category02,Kg,112,146.72,1613.92,1232,381.9200000000001,2022,1,2022-01
2022-01-17,P0040,4,Online,Online,0,Product40,Category05,Kg,90,115.2,460.8,360,100.80000000000001,2022,1,2022-01
2022-01-18,P0008,9,Wholesaler,Cash,0,Product08,Category01,Kg,83,94.62,851.58,747,104.58000000000004,2022,1,2022-01
2022-01-20,P0021,2,Direct Sales,Cash,0,Product21,Category03,Ft,126,162.54,325.08,252,73.07999999999998,2022,1,2022-01
2022-01-20,P0014,7,Online,Online,0,Product14,Category02,Kg,112,146.72,1027.04,784,243.03999999999996,2022,1,2022-01
2022-01-22,P0001,6,Online,Cash,0,Product01,Category01,Kg,98,103.88,623.28,588,35.27999999999997,2022,1,2022-01
2022-01-23,P0002,5,Wholesaler,Cash,0,Product02,Category01,Kg,105,142.8,714.0,525,189.0,2022,1,2022-01
2022-01-23,P0042,8,Direct Sales,Online,0,Product42,Category05,Ft,120,162.0,1296.0,960,336.0,2022,1,2022-01
2022-01-24,P0030,15,Online,Online,0,Product30,Category04,Ft,148,201.28,3019.2,2220,799.1999999999998,2022,1,2022-01
2022-01-25,P0017,14,Direct Sales,Cash,0,Product17,Category02,Ft,134,156.78,2194.92,1876,318.9200000000001,2022,1,2022-01
2022-01-28,P0016,11,Direct Sales,Online,0,Product16,Category02,No.,13,16.64,183.04000000000002,143,40.04000000000002,2022,1,2022-01
2022-01-31,P0023,6,Online,Cash,0,Product23,Category03,Ft,141,149.46,896.76,846,50.75999999999999,2022,1,2022-01
2022-01-31,P0041,9,Direct Sales,Cash,0,Product41,Category05,Ft,138,173.88,1564.92,1242,322.9200000000001,2022,1,2022-01
2022-02-01,P0005,9,Direct Sales,Cash,0,Product05,Category01,Ft,133,155.61,1400.4900000000002,1197,203.49000000000024,2022,2,2022-02
2022-02-03,P0014,8,Direct Sales,Online,0,Product14,Category02,Kg,112,146.72,1173.76,896,277.76,2022,2,2022-02
2022-02-05,P0018,6,Direct Sales,Cash,0,Product18,Category02,No.,37,49.21,295.26,222,73.25999999999999,2022,2,2022-02
2022-02-06,P0002,6,Direct Sales,Cash,0,Product02,Category01,Kg,105,142.8,856.8000000000001,630,226.80000000000007,2022,2,2022-02
2022-02-08,P0005,11,Online,Cash,0,Product05,Category01,Ft,133,155.61,1711.71,1463,248.71000000000004,2022,2,2022-02
2022-02-08,P0004,3,Online,Cash,0,Product04,Category01,Lt,44,48.84,146.52,132,14.52000000000001,2022,2,2022-02
2022-02-09,P0032,14,Online,Online,0,Product32,Category04,Kg,89,117.48,1644.72,1246,398.72,2022,2,2022-02
2022-02-12,P0010,13,Direct Sales,Cash,0,Product10,Category02,Ft,148,164.28,2135.64,1924,211.63999999999987,2022,2,2022-02
2022-02-14,P0026,8,Online,Cash,0,Product26,Category04,No.,18,24.66,197.28,144,53.28,2022,2,2022-02
2022-02-14,P0028,3,Direct Sales,Cash,0,Product28,Category04,No.,37,41.81,125.43,111,14.430000000000007,2022,2,2022-02
2022-02-16,P0032,1,Online,Cash,0,Product32,Category04,Kg,89,117.48,117.48,89,28.480000000000004,2022,2,2022-02
2022-02-19,P0002,13,Online,Cash,0,Product02,Category01,Kg,105,142.8,1856.4,1365,491.4000000000001,2022,2,2022-02
2022-02-20,P0012,6,Direct Sales,Cash,0,Product12,Category02,Kg,73,94.17,565.02,438,127.01999999999998,2022,2,2022-02
2022-02-23,P0013,6,Online,Online,0,Product13,Category02,Kg,112,122.08,732.48,672,60.48000000000002,2022,2,2022-02
2022-02-23,P0016,15,Online,Cash,0,Product16,Category02,No.,13,16.64,249.60000000000002,195,54.60000000000002,2022,2,2022-02
2022-02-23,P0036,8,Direct Sales,Online,0,Product36,Category04,Kg,90,96.3,770.4,720,50.39999999999998,2022,2,2022-02
2022-02-27,P0012,7,Direct Sales,Cash,0,Product12,Category02,Kg,73,94.17,659.19,511,148.19000000000005,2022,2,2022-02
2022-02-27,P0005,15,Direct Sales,Online,0,Product05,Category01,Ft,133,155.61,2334.15,1995,339.1500000000001,2022,2,2022-02
2022-02-28,P0037,15,Direct Sales,Cash,0,Product37,Category05,Kg,67,85.76,1286.4,1005,281.4000000000001,2022,2,2022-02
2022-03-04,P0026,13,Wholesaler,Online,0,Product26,Category04,No.,18,24.66,320.58,234,86.57999999999998,2022,3,2022-03
2022-03-06,P0004,2,Direct Sales,Cash,0,Product04,Category01,Lt,44,48.84,97.68,88,9.680000000000007,2022,3,2022-03
2022-03-07,P0003,1,Direct Sales,Cash,0,Product03,Category01,Kg,71,80.94,80.94,71,9.939999999999998,2022,3,2022-03
2022-03-08,P0044,6,Direct Sales,Online,0,Product44,Category05,Kg,76,82.08,492.48,456,36.48000000000002,2022,3,2022-03
2022-03-09,P0030,3,Direct Sales,Online,0,Product30,Category04,Ft,148,201.28,603.84,444,159.84000000000003,2022,3,2022-03
2022-03-09,P0004,11,Online,Cash,0,Product04,Category01,Lt,44,48.84,537.24,484,53.24000000000001,2022,3,2022-03
2022-03-10,P0033,12,Wholesaler,Online,0,Product33,Category04,Kg,95,119.7,1436.4,1140,296.4000000000001,2022,3,2022-03
2022-03-14,P0016,2,Direct Sales,Cash,0,Product16,Category02,No.,13,16.64,33.28,26,7.280000000000001,2022,3,2022-03
2022-03-14,P0026,13,Direct Sales,Online,0,Product26,Category04,No.,18,24.66,320.58,234,86.57999999999998,2022,3,2022-03
2022-03-18,P0019,2,Online,Cash,0,Product19,Category02,Ft,150,210.0,420.0,300,120.0,2022,3,2022-03
2022-03-18,P0027,10,Direct Sales,Cash,0,Product27,Category04,Lt,48,57.120000000000005,571.2,480,91.20000000000005,2022,3,2022-03
2022-03-19,P0041,6,Wholesaler,Cash,0,Product41,Category05,Ft,138,173.88,1043.28,828,215.27999999999997,2022,3,2022-03
2022-03-23,P0032,9,Direct Sales,Cash,0,Product32,Category04,Kg,89,117.48,1057.32,801,256.31999999999994,2022,3,2022-03
2022-03-25,P0001,2,Wholesaler,Online,0,Product01,Category01,Kg,98,103.88,207.76,196,11.759999999999991,2022,3,2022-03
2022-03-25,P0030,11,Direct Sales,Online,0,Product30,Category04,Ft,148,201.28,2214.08,1628,586.0799999999999,2022,3,2022-03
2022-03-29,P0032,12,Online,Online,0,Product32,Category04,Kg,89,117.48,1409.76,1068,341.76,2022,3,2022-03
2022-03-30,P0001,13,Online,Cash,0,Product01,Category01,Kg,98,103.88,1350.44,1274,76.44000000000005,2022,3,2022-03
2022-04-01,P0002,2,Online,Cash,0,Product02,Category01,Kg,105,142.8,285.6,210,75.60000000000002,2022,4,2022-04
2022-04-02,P0002,3,Direct Sales,Cash,0,Product02,Category01,Kg,105,142.8,428.40000000000003,315,113.40000000000003,2022,4,2022-04
2022-04-06,P0040,2,Wholesaler,Cash,0,Product40,Category05,Kg,90,115.2,230.4,180,50.400000000000006,2022,4,2022-04
2022-04-07,P0026,7,Direct Sales,Online,0,Product26,Category04,No.,18,24.66,172.62,126,46.620000000000005,2022,4,2022-04
2022-04-09,P0039,12,Wholesaler,Cash,0,Product39,Category05,No.,37,42.55,510.59999999999997,444,66.59999999999997,2022,4,2022-04
2022-04-09,P0002,9,Online,Online,0,Product02,Category01,Kg,105,142.8,1285.2,945,340.20000000000005,2022,4,2022-04
2022-04-13,P0016,14,Wholesaler,Online,0,Product16,Category02,No.,13,16.64,232.96,182,50.96000000000001,2022,4,2022-04
2022-04-18,P0041,9,Direct Sales,Cash,0,Product41,Category05,Ft,138,173.88,1564.92,1242,322.9200000000001,2022,4,2022-04
2022-04-20,P0018,2,Wholesaler,Online,0,Product18,Category02,No.,37,49.21,98.42,74,24.42,2022,4,2022-04
2022-04-20,P0012,4,Direct Sales,Online,0,Product12,Category02,Kg,73,94.17,376.68,292,84.68,2022,4,2022-04
2022-04-21,P0030,2,Direct Sales,Cash,0,Product30,Category04,Ft,148,201.28,402.56,296,106.56,2022,4,2022-04
2022-04-21,P0026,14,Online,Online,0,Product26,Category04,No.,18,24.66,345.24,252,93.24000000000001,2022,4,2022-04
2022-04-23,P0044,15,Online,Online,0,Product44,Category05,Kg,76,82.08,1231.2,1140,91.20000000000005,2022,4,2022-04
2022-04-24,P0034,4,Direct Sales,Online,0,Product34,Category04,Lt,55,58.3,233.2,220,13.199999999999989,2022,4,2022-04
2022-04-25,P0004,9,Direct Sales,Cash,0,Product04,Category01,Lt,44,48.84,439.56000000000006,396,43.56000000000006,2022,4,2022-04
2022-04-25,P0003,8,Online,Online,0,Product03,Category01,Kg,71,80.94,647.52,568,79.51999999999998,2022,4,2022-04
2022-04-26,P0027,2,Direct Sales,Cash,0,Product27,Category04,Lt,48,57.120000000000005,114.24000000000001,96,18.24000000000001,2022,4,2022-04
2022-04-28,P0014,14,Direct Sales,Cash,0,Product14,Category02,Kg,112,146.72,2054.08,1568,486.0799999999999,2022,4,2022-04
2022-04-30,P0016,13,Online,Online,0,Product16,Category02,No.,13,16.64,216.32,169,47.31999999999999,2022,4,2022-04
2022-04-30,P0027,8,Direct Sales,Online,0,Product27,Category04,Lt,48,57.120000000000005,456.96000000000004,384,72.96000000000004,2022,4,2022-04
2022-05-01,P0034,9,Wholesaler,Online,0,Product34,Category04,Lt,55,58.3,524.6999999999999,495,29.699999999999932,2022,5,2022-05
2022-05-01,P0033,6,Online,Online,0,Product33,Category04,Kg,95,119.7,718.2,570,148.20000000000005,2022,5,2022-05
2022-05-02,P0013,4,Online,Cash,0,Product13,Category02,Kg,112,122.08,488.32,448,40.31999999999999,2022,5,2022-05
2022-05-04,P0020,10,Direct Sales,Online,0,Product20,Category03,Lt,61,76.25,762.5,610,152.5,2022,5,2022-05
2022-05-06,P0034,7,Direct Sales,Online,0,Product34,Category04,Lt,55,58.3,408.09999999999997,385,23.099999999999966,2022,5,2022-05
2022-05-07,P0015,4,Online,Cash,0,Product15,Category02,No.,12,15.72,62.88,48,14.880000000000003,2022,5,2022-05
2022-05-07,P0027,1,Online,Online,0,Product27,Category04,Lt,48,57.120000000000005,57.120000000000005,48,9.120000000000005,2022,5,2022-05
2022-05-08,P0022,7,Online,Online,0,Product22,Category03,Ft,121,141.57,990.99,847,143.99,2022,5,2022-05
2022-05-09,P0017,12,Wholesaler,Cash,0,Product17,Category02,Ft,134,156.78,1881.3600000000001,1608,273.3600000000001,2022,5,2022-05
2022-05-10,P0009,6,Direct Sales,Online,0,Product09,Category01,No.,6,7.859999999999999,47.16,36,11.159999999999997,2022,5,2022-05
2022-05-12,P0011,7,Online,Cash,0,Product11,Category02,Lt,44,48.4,338.8,308,30.80000000000001,2022,5,2022-05
2022-05-13,P0012,5,Direct Sales,Online,0,Product12,Category02,Kg,73,94.17,470.85,365,105.85000000000002,2022,5,2022-05
2022-05-14,P0008,14,Direct Sales,Cash,0,Product08,Category01,Kg,83,94.62,1324.68,1162,162.68000000000006,2022,5,2022-05
2022-05-15,P0020,5,Online,Online,0,Product20,Category03,Lt,61,76.25,381.25,305,76.25,2022,5,2022-05
2022-05-16,P0010,13,Direct Sales,Cash,0,Product10,Category02,Ft,148,164.28,2135.64,1924,211.63999999999987,2022,5,2022-05
2022-05-16,P0031,13,Online,Online,0,Product31,Category04,Kg,93,104.16,1354.08,1209,145.07999999999993,2022,5,2022-05
2022-05-17,P0027,8,Direct Sales,Cash,0,Product27,Category04,Lt,48,57.120000000000005,456.96000000000004,384,72.96000000000004,2022,5,2022-05
2022-05-18,P0027,4,Wholesaler,Online,0,Product27,Category04,Lt,48,57.120000000000005,228.48000000000002,192,36.48000000000002,2022,5,2022-05
2022-05-18,P0038,8,Wholesaler,Online,0,Product38,Category05,Kg,72,79.92,639.36,576,63.360000000000014,2022,5,2022-05
2022-05-20,P0044,15,Online,Cash,0,Product44,Category05,Kg,76,82.08,1231.2,1140,91.20000000000005,2022,5,2022-05
2022-05-22,P0015,12,Direct Sales,Online,0,Product15,Category02,No.,12,15.72,188.64000000000001,144,44.640000000000015,2022,5,2022-05
2022-05-25,P0002,7,Online,Online,0,Product02,Category01,Kg,105,142.8,999.6000000000001,735,264.60000000000014,2022,5,2022-05
2022-05-26,P0028,2,Direct Sales,Online,0,Product28,Category04,No.,37,41.81,83.62,74,9.620000000000005,2022,5,2022-05
2022-05-26,P0027,2,Online,Online,0,Product27,Category04,Lt,48,57.120000000000005,114.24000000000001,96,18.24000000000001,2022,5,2022-05
2022-05-28,P0041,10,Wholesaler,Cash,0,Product41,Category05,Ft,138,173.88,1738.8,1380,358.79999999999995,2022,5,2022-05
2022-05-28,P0008,5,Wholesaler,Online,0,Product08,Category01,Kg,83,94.62,473.1,415,58.10000000000002,2022,5,2022-05
2022-05-28,P0010,9,Online,Cash,0,Product10,Category02,Ft,148,164.28,1478.52,1332,146.51999999999998,2022,5,2022-05
2022-05-28,P0004,12,Online,Online,0,Product04,Category01,Lt,44,48.84,586.08,528,58.08000000000004,2022,5,2022-05
2022-05-28,P0020,14,Direct Sales,Cash,0,Product20,Category03,Lt,61,76.25,1067.5,854,213.5,2022,5,2022-05
2022-05-30,P0044,9,Direct Sales,Online,0,Product44,Category05,Kg,76,82.08,738.72,684,54.72000000000003,2022,5,2022-05
2022-05-30,P0005,4,Wholesaler,Cash,0,Product05,Category01,Ft,133,155.61,622.44,532,90.44000000000005,2022,5,2022-05
2022-05-30,P0033,3,Online,Cash,0,Product33,Category04,Kg,95,119.7,359.1,285,74.10000000000002,2022,5,2022-05
2022-06-03,P0008,14,Online,Online,0,Product08,Category01,Kg,83,94.62,1324.68,1162,162.68000000000006,2022,6,2022-06
2022-06-10,P0028,8,Wholesaler,Online,0,Product28,Category04,No.,37,41.81,334.48,296,38.48000000000002,2022,6,2022-06
2022-06-11,P0039,13,Online,Cash,0,Product39,Category05,No.,37,42.55,553.15,481,72.14999999999998,2022,6,2022-06
2022-06-11,P0021,6,Direct Sales,Online,0,Product21,Category03,Ft,126,162.54,975.24,756,219.24,2022,6,2022-06
2022-06-13,P0026,6,Direct Sales,Cash,0,Product26,Category04,No.,18,24.66,147.96,108,39.96000000000001,2022,6,2022-06
2022-06-15,P0042,15,Wholesaler,Online,0,Product42,Category05,Ft,120,162.0,2430.0,1800,630.0,2022,6,2022-06
2022-06-16,P0029,15,Online,Cash,0,Product29,Category04,Lt,47,53.11,796.65,705,91.64999999999998,2022,6,2022-06
2022-06-19,P0002,8,Direct Sales,Cash,0,Product02,Category01,Kg,105,142.8,1142.4,840,302.4000000000001,2022,6,2022-06
2022-06-21,P0017,14,Direct Sales,Cash,0,Product17,Category02,Ft,134,156.78,2194.92,1876,318.9200000000001,2022,6,2022-06
2022-06-22,P0040,10,Online,Cash,0,Product40,Category05,Kg,90,115.2,1152.0,900,252.0,2022,6,2022-06
2022-06-22,P0001,4,Direct Sales,Cash,0,Product01,Category01,Kg,98,103.88,415.52,392,23.519999999999982,2022,6,2022-06
2022-06-23,P0004,8,Direct Sales,Online,0,Product04,Category01,Lt,44,48.84,390.72,352,38.72000000000003,2022,6,2022-06
2022-06-24,P0018,7,Direct Sales,Cash,0,Product18,Category02,No.,37,49.21,344.47,259,85.47000000000003,2022,6,2022-06
2022-06-25,P0012,7,Online,Online,0,Product12,Category02,Kg,73,94.17,659.19,511,148.19000000000005,2022,6,2022-06
2022-06-26,P0034,4,Direct Sales,Cash,0,Product34,Category04,Lt,55,58.3,233.2,220,13.199999999999989,2022,6,2022-06
2022-06-26,P0043,12,Direct Sales,Online,0,Product43,Category05,Kg,67,83.08,996.96,804,192.96000000000004,2022,6,2022-06
2022-07-03,P0033,15,Direct Sales,Cash,0,Product33,Category04,Kg,95,119.7,1795.5,1425,370.5,2022,7,2022-07
2022-07-04,P0007,7,Direct Sales,Online,0,Product07,Category01,Lt,43,47.73,334.10999999999996,301,33.10999999999996,2022,7,2022-07
2022-07-05,P0025,7,Online,Cash,0,Product25,Category03,No.,7,8.33,58.31,49,9.310000000000002,2022,7,2022-07
2022-07-05,P0015,8,Direct Sales,Online,0,Product15,Category02,No.,12,15.72,125.76,96,29.760000000000005,2022,7,2022-07
2022-07-06,P0041,2,Direct Sales,Cash,0,Product41,Category05,Ft,138,173.88,347.76,276,71.75999999999999,2022,7,2022-07
2022-07-08,P0018,2,Direct Sales,Online,0,Product18,Category02,No.,37,49.21,98.42,74,24.42,2022,7,2022-07
2022-07-10,P0032,12,Online,Cash,0,Product32,Category04,Kg,89,117.48,1409.76,1068,341.76,2022,7,2022-07
2022-07-12,P0028,12,Direct Sales,Cash,0,Product28,Category04,No.,37,41.81,501.72,444,57.72000000000003,2022,7,2022-07
2022-07-13,P0025,7,Direct Sales,Online,0,Product25,Category03,No.,7,8.33,58.31,49,9.310000000000002,2022,7,2022-07
2022-07-14,P0033,9,Direct Sales,Online,0,Product33,Category04,Kg,95,119.7,1077.3,855,222.29999999999995,2022,7,2022-07
2022-07-15,P0004,2,Online,Online,0,Product04,Category01,Lt,44,48.84,97.68,88,9.680000000000007,2022,7,2022-07
2022-07-17,P0041,8,Online,Cash,0,Product41,Category05,Ft,138,173.88,1391.04,1104,287.03999999999996,2022,7,2022-07
2022-07-18,P0010,12,Direct Sales,Online,0,Product10,Category02,Ft,148,164.28,1971.3600000000001,1776,195.36000000000013,2022,7,2022-07
2022-07-20,P0042,8,Wholesaler,Online,0,Product42,Category05,Ft,120,162.0,1296.0,960,336.0,2022,7,2022-07
2022-07-22,P0034,6,Direct Sales,Cash,0,Product34,Category04,Lt,55,58.3,349.79999999999995,330,19.799999999999955,2022,7,2022-07
2022-07-23,P0018,2,Online,Online,0,Product18,Category02,No.,37,49.21,98.42,74,24.42,2022,7,2022-07
2022-07-24,P0006,14,Direct Sales,Cash,0,Product06,Category01,Kg,75,85.5,1197.0,1050,147.0,2022,7,2022-07
2022-07-24,P0027,1,Online,Online,0,Product27,Category04,Lt,48,57.120000000000005,57.120000000000005,48,9.120000000000005,2022,7,2022-07
2022-07-25,P0044,2,Direct Sales,Cash,0,Product44,Category05,Kg,76,82.08,164.16,152,12.159999999999997,2022,7,2022-07
2022-07-25,P0017,12,Direct Sales,Cash,0,Product17,Category02,Ft,134,156.78,1881.3600000000001,1608,273.3600000000001,2022,7,2022-07
2022-07-25,P0003,13,Online,Cash,0,Product03,Category01,Kg,71,80.94,1052.22,923,129.22000000000003,2022,7,2022-07
2022-07-26,P0003,10,Online,Online,0,Product03,Category01,Kg,71,80.94,809.4,710,99.39999999999998,2022,7,2022-07
2022-07-26,P0026,1,Online,Cash,0,Product26,Category04,No.,18,24.66,24.66,18,6.66,2022,7,2022-07
2022-08-03,P0012,5,Direct Sales,Cash,0,Product12,Category02,Kg,73,94.17,470.85,365,105.85000000000002,2022,8,2022-08
2022-08-06,P0016,9,Online,Online,0,Product16,Category02,No.,13,16.64,149.76,117,32.75999999999999,2022,8,2022-08
2022-08-08,P0016,2,Direct Sales,Online,0,Product16,Category02,No.,13,16.64,33.28,26,7.280000000000001,2022,8,2022-08
2022-08-08,P0032,12,Direct Sales,Cash,0,Product32,Category04,Kg,89,117.48,1409.76,1068,341.76,2022,8,2022-08
2022-08-08,P0021,11,Direct Sales,Cash,0,Product21,Category03,Ft,126,162.54,1787.9399999999998,1386,401.9399999999998,2022,8,2022-08
2022-08-14,P0030,14,Direct Sales,Cash,0,Product30,Category04,Ft,148,201.28,2817.92,2072,745.9200000000001,2022,8,2022-08
2022-08-15,P0011,10,Wholesaler,Cash,0,Product11,Category02,Lt,44,48.4,484.0,440,44.0,2022,8,2022-08
2022-08-15,P0015,7,Direct Sales,Online,0,Product15,Category02,No.,12,15.72,110.04,84,26.040000000000006,2022,8,2022-08
2022-08-18,P0029,8,Online,Online,0,Product29,Category04,Lt,47,53.11,424.88,376,48.879999999999995,2022,8,2022-08
2022-08-18,P0010,2,Online,Cash,0,Product10,Category02,Ft,148,164.28,328.56,296,32.56,2022,8,2022-08
2022-08-19,P0007,3,Online,Online,0,Product07,Category01,Lt,43,47.73,143.19,129,14.189999999999998,2022,8,2022-08
2022-08-20,P0023,13,Direct Sales,Online,0,Product23,Category03,Ft,141,149.46,1942.98,1833,109.98000000000002,2022,8,2022-08
2022-08-20,P0033,14,Direct Sales,Online,0,Product33,Category04,Kg,95,119.7,1675.8,1330,345.79999999999995,2022,8,2022-08
2022-08-21,P0016,4,Direct Sales,Online,0,Product16,Category02,No.,13,16.64,66.56,52,14.560000000000002,2022,8,2022-08
2022-08-23,P0044,11,Online,Online,0,Product44,Category05,Kg,76,82.08,902.88,836,66.88,2022,8,2022-08
2022-08-23,P0029,14,Direct Sales,Cash,0,Product29,Category04,Lt,47,53.11,743.54,658,85.53999999999996,2022,8,2022-08
2022-08-24,P0005,5,Direct Sales,Cash,0,Product05,Category01,Ft,133,155.61,778.0500000000001,665,113.05000000000007,2022,8,2022-08
2022-08-26,P0019,13,Wholesaler,Cash,0,Product19,Category02,Ft,150,210.0,2730.0,1950,780.0,2022,8,2022-08
2022-08-26,P0037,8,Online,Online,0,Product37,Category05,Kg,67,85.76,686.08,536,150.08000000000004,2022,8,2022-08
2022-08-27,P0039,15,Wholesaler,Online,0,Product39,Category05,No.,37,42.55,638.25,555,83.25,2022,8,2022-08
2022-08-28,P0005,9,Online,Online,0,Product05,Category01,Ft,133,155.61,1400.4900000000002,1197,203.49000000000024,2022,8,2022-08
2022-08-28,P0039,5,Direct Sales,Online,0,Product39,Category05,No.,37,42.55,212.75,185,27.75,2022,8,2022-08
2022-08-30,P0006,6,Online,Cash,0,Product06,Category01,Kg,75,85.5,513.0,450,63.0,2022,8,2022-08
2022-08-30,P0043,6,Direct Sales,Cash,0,Product43,Category05,Kg,67,83.08,498.48,402,96.48000000000002,2022,8,2022-08
2022-08-30,P0025,5,Direct Sales,Cash,0,Product25,Category03,No.,7,8.33,41.65,35,6.649999999999999,2022,8,2022-08
2022-08-31,P0015,13,Direct Sales,Cash,0,Product15,Category02,No.,12,15.72,204.36,156,48.360000000000014,2022,8,2022-08
2022-09-04,P0002,1,Direct Sales,Cash,0,Product02,Category01,Kg,105,142.8,142.8,105,37.80000000000001,2022,9,2022-09
2022-09-06,P0005,12,Wholesaler,Online,0,Product05,Category01,Ft,133,155.61,1867.3200000000002,1596,271.32000000000016,2022,9,2022-09
2022-09-09,P0041,9,Direct Sales,Online,0,Product41,Category05,Ft,138,173.88,1564.92,1242,322.9200000000001,2022,9,2022-09
2022-09-09,P0003,3,Direct Sales,Online,0,Product03,Category01,Kg,71,80.94,242.82,213,29.819999999999993,2022,9,2022-09
2022-09-10,P0035,15,Online,Cash,0,Product35,Category04,No.,5,6.7,100.5,75,25.5,2022,9,2022-09
2022-09-10,P0038,4,Direct Sales,Cash,0,Product38,Category05,Kg,72,79.92,319.68,288,31.680000000000007,2022,9,2022-09
2022-09-14,P0029,3,Direct Sales,Cash,0,Product29,Category04,Lt,47,53.11,159.32999999999998,141,18.329999999999984,2022,9,2022-09
2022-09-15,P0037,15,Online,Online,0,Product37,Category05,Kg,67,85.76,1286.4,1005,281.4000000000001,2022,9,2022-09
2022-09-18,P0026,14,Online,Cash,0,Product26,Category04,No.,18,24.66,345.24,252,93.24000000000001,2022,9,2022-09
2022-09-19,P0033,8,Wholesaler,Cash,0,Product33,Category04,Kg,95,119.7,957.6,760,197.60000000000002,2022,9,2022-09
2022-09-20,P0033,6,Direct Sales,Online,0,Product33,Category04,Kg,95,119.7,718.2,570,148.20000000000005,2022,9,2022-09
2022-09-20,P0001,10,Direct Sales,Online,0,Product01,Category01,Kg,98,103.88,1038.8,980,58.799999999999955,2022,9,2022-09
2022-09-21,P0018,14,Online,Online,0,Product18,Category02,No.,37,49.21,688.94,518,170.94000000000005,2022,9,2022-09
2022-09-21,P0026,5,Direct Sales,Cash,0,Product26,Category04,No.,18,24.66,123.3,90,33.3,2022,9,2022-09
2022-09-22,P0043,12,Online,Online,0,Product43,Category05,Kg,67,83.08,996.96,804,192.96000000000004,2022,9,2022-09
2022-09-23,P0012,12,Direct Sales,Online,0,Product12,Category02,Kg,73,94.17,1130.04,876,254.03999999999996,2022,9,2022-09
2022-09-24,P0032,14,Direct Sales,Online,0,Product32,Category04,Kg,89,117.48,1644.72,1246,398.72,2022,9,2022-09
2022-09-24,P0032,8,Direct Sales,Cash,0,Product32,Category04,Kg,89,117.48,939.84,712,227.84000000000003,2022,9,2022-09
2022-09-27,P0036,4,Direct Sales,Cash,0,Product36,Category04,Kg,90,96.3,385.2,360,25.19999999999999,2022,9,2022-09
2022-09-27,P0044,9,Direct Sales,Cash,0,Product44,Category05,Kg,76,82.08,738.72,684,54.72000000000003,2022,9,2022-09
2022-09-27,P0038,3,Wholesaler,Cash,0,Product38,Category05,Kg,72,79.92,239.76,216,23.75999999999999,2022,9,2022-09
2022-09-29,P0034,13,Direct Sales,Online,0,Product34,Category04,Lt,55,58.3,757.9,715,42.89999999999998,2022,9,2022-09
2022-10-03,P0011,5,Direct Sales,Cash,0,Product11,Category02,Lt,44,48.4,242.0,220,22.0,2022,10,2022-10
2022-10-04,P0007,15,Direct Sales,Online,0,Product07,Category01,Lt,43,47.73,715.9499999999999,645,70.94999999999993,2022,10,2022-10
2022-10-06,P0035,1,Direct Sales,Online,0,Product35,Category04,No.,5,6.7,6.7,5,1.7000000000000002,2022,10,2022-10
2022-10-09,P0038,14,Online,Online,0,Product38,Category05,Kg,72,79.92,1118.88,1008,110.88000000000011,2022,10,2022-10
2022-10-10,P0019,9,Direct Sales,Online,0,Product19,Category02,Ft,150,210.0,1890.0,1350,540.0,2022,10,2022-10
2022-10-10,P0044,12,Online,Online,0,Product44,Category05,Kg,76,82.08,984.96,912,72.96000000000004,2022,10,2022-10
2022-10-11,P0008,10,Direct Sales,Online,0,Product08,Category01,Kg,83,94.62,946.2,830,116.20000000000005,2022,10,2022-10
2022-10-13,P0002,15,Online,Online,0,Product02,Category01,Kg,105,142.8,2142.0,1575,567.0,2022,10,2022-10
2022-10-14,P0044,15,Wholesaler,Online,0,Product44,Category05,Kg,76,82.08,1231.2,1140,91.20000000000005,2022,10,2022-10
2022-10-15,P0015,10,Direct Sales,Cash,0,Product15,Category02,No.,12,15.72,157.20000000000002,120,37.20000000000002,2022,10,2022-10
2022-10-16,P0036,3,Online,Online,0,Product36,Category04,Kg,90,96.3,288.9,270,18.899999999999977,2022,10,2022-10
2022-10-23,P0024,14,Online,Cash,0,Product24,Category03,Ft,144,156.96,2197.44,2016,181.44000000000005,2022,10,2022-10
2022-10-30,P0042,3,Direct Sales,Cash,0,Product42,Category05,Ft,120,162.0,486.0,360,126.0,2022,10,2022-10
2022-10-31,P0038,8,Direct Sales,Online,0,Product38,Category05,Kg,72,79.92,639.36,576,63.360000000000014,2022,10,2022-10
2022-11-01,P0012,15,Wholesaler,Online,0,Product12,Category02,Kg,73,94.17,1412.55,1095,317.54999999999995,2022,11,2022-11
2022-11-02,P0015,15,Wholesaler,Cash,0,Product15,Category02,No.,12,15.72,235.8,180,55.80000000000001,2022,11,2022-11
2022-11-02,P0030,15,Direct Sales,Cash,0,Product30,Category04,Ft,148,201.28,3019.2,2220,799.1999999999998,2022,11,2022-11
2022-11-02,P0035,5,Direct Sales,Cash,0,Product35,Category04,No.,5,6.7,33.5,25,8.5,2022,11,2022-11
2022-11-03,P0020,11,Online,Online,0,Product20,Category03,Lt,61,76.25,838.75,671,167.75,2022,11,2022-11
2022-11-04,P0008,10,Direct Sales,Online,0,Product08,Category01,Kg,83,94.62,946.2,830,116.20000000000005,2022,11,2022-11
2022-11-05,P0019,15,Direct Sales,Cash,0,Product19,Category02,Ft,150,210.0,3150.0,2250,900.0,2022,11,2022-11
2022-11-06,P0043,13,Direct Sales,Cash,0,Product43,Category05,Kg,67,83.08,1080.04,871,209.03999999999996,2022,11,2022-11
2022-11-06,P0015,13,Online,Online,0,Product15,Category02,No.,12,15.72,204.36,156,48.360000000000014,2022,11,2022-11
2022-11-06,P0042,13,Direct Sales,Cash,0,Product42,Category05,Ft,120,162.0,2106.0,1560,546.0,2022,11,2022-11
2022-11-07,P0040,13,Online,Cash,0,Product40,Category05,Kg,90,115.2,1497.6000000000001,1170,327.60000000000014,2022,11,2022-11
2022-11-08,P0036,11,Wholesaler,Cash,0,Product36,Category04,Kg,90,96.3,1059.3,990,69.29999999999995,2022,11,2022-11
2022-11-08,P0019,10,Wholesaler,Online,0,Product19,Category02,Ft,150,210.0,2100.0,1500,600.0,2022,11,2022-11
2022-11-09,P0027,8,Online,Cash,0,Product27,Category04,Lt,48,57.120000000000005,456.96000000000004,384,72.96000000000004,2022,11,2022-11
2022-11-10,P0018,7,Direct Sales,Online,0,Product18,Category02,No.,37,49.21,344.47,259,85.47000000000003,2022,11,2022-11
2022-11-13,P0027,10,Wholesaler,Cash,0,Product27,Category04,Lt,48,57.120000000000005,571.2,480,91.20000000000005,2022,11,2022-11
2022-11-14,P0002,1,Direct Sales,Cash,0,Product02,Category01,Kg,105,142.8,142.8,105,37.80000000000001,2022,11,2022-11
2022-11-15,P0012,14,Direct Sales,Cash,0,Product12,Category02,Kg,73,94.17,1318.38,1022,296.3800000000001,2022,11,2022-11
2022-11-16,P0017,8,Online,Online,0,Product17,Category02,Ft,134,156.78,1254.24,1072,182.24,2022,11,2022-11
2022-11-18,P0034,8,Direct Sales,Cash,0,Product34,Category04,Lt,55,58.3,466.4,440,26.399999999999977,2022,11,2022-11
2022-11-21,P0020,6,Direct Sales,Cash,0,Product20,Category03,Lt,61,76.25,457.5,366,91.5,2022,11,2022-11
2022-11-23,P0036,12,Online,Online,0,Product36,Category04,Kg,90,96.3,1155.6,1080,75.59999999999991,2022,11,2022-11
2022-11-25,P0004,5,Direct Sales,Cash,0,Product04,Category01,Lt,44,48.84,244.20000000000002,220,24.200000000000017,2022,11,2022-11
2022-11-26,P0032,5,Direct Sales,Online,0,Product32,Category04,Kg,89,117.48,587.4,445,142.39999999999998,2022,11,2022-11
2022-11-27,P0034,15,Direct Sales,Online,0,Product34,Category04,Lt,55,58.3,874.5,825,49.5,2022,11,2022-11
2022-11-28,P0031,8,Direct Sales,Cash,0,Product31,Category04,Kg,93,104.16,833.28,744,89.27999999999997,2022,11,2022-11
2022-11-30,P0015,2,Direct Sales,Online,0,Product15,Category02,No.,12,15.72,31.44,24,7.440000000000001,2022,11,2022-11
2022-12-03,P0028,5,Wholesaler,Cash,0,Product28,Category04,No.,37,41.81,209.05,185,24.05000000000001,2022,12,2022-12
2022-12-04,P0026,10,Direct Sales,Cash,0,Product26,Category04,No.,18,24.66,246.6,180,66.6,2022,12,2022-12
2022-12-04,P0044,15,Direct Sales,Cash,0,Product44,Category05,Kg,76,82.08,1231.2,1140,91.20000000000005,2022,12,2022-12
2022-12-07,P0038,12,Direct Sales,Cash,0,Product38,Category05,Kg,72,79.92,959.04,864,95.03999999999996,2022,12,2022-12
2022-12-07,P0016,13,Direct Sales,Online,0,Product16,Category02,No.,13,16.64,216.32,169,47.31999999999999,2022,12,2022-12
2022-12-07,P0038,5,Direct Sales,Cash,0,Product38,Category05,Kg,72,79.92,399.6,360,39.60000000000002,2022,12,2022-12
2022-12-11,P0027,5,Direct Sales,Online,0,Product27,Category04,Lt,48,57.120000000000005,285.6,240,45.60000000000002,2022,12,2022-12
2022-12-11,P0013,9,Wholesaler,Online,0,Product13,Category02,Kg,112,122.08,1098.72,1008,90.72000000000003,2022,12,2022-12
2022-12-11,P0014,10,Online,Cash,0,Product14,Category02,Kg,112,146.72,1467.2,1120,347.20000000000005,2022,12,2022-12
2022-12-12,P0030,9,Wholesaler,Cash,0,Product30,Category04,Ft,148,201.28,1811.52,1332,479.52,2022,12,2022-12
2022-12-12,P0041,10,Wholesaler,Online,0,Product41,Category05,Ft,138,173.88,1738.8,1380,358.79999999999995,2022,12,2022-12
2022-12-14,P0005,4,Direct Sales,Cash,0,Product05,Category01,Ft,133,155.61,622.44,532,90.44000000000005,2022,12,2022-12
2022-12-15,P0009,13,Direct Sales,Online,0,Product09,Category01,No.,6,7.859999999999999,102.17999999999999,78,24.179999999999993,2022,12,2022-12
2022-12-19,P0044,7,Direct Sales,Online,0,Product44,Category05,Kg,76,82.08,574.56,532,42.559999999999945,2022,12,2022-12
2022-12-19,P0011,14,Direct Sales,Cash,0,Product11,Category02,Lt,44,48.4,677.6,616,61.60000000000002,2022,12,2022-12
2022-12-19,P0009,11,Online,Online,0,Product09,Category01,No.,6,7.859999999999999,86.46,66,20.459999999999994,2022,12,2022-12
2022-12-21,P0006,10,Direct Sales,Online,0,Product06,Category01,Kg,75,85.5,855.0,750,105.0,2022,12,2022-12
2022-12-29,P0008,15,Direct Sales,Online,0,Product08,Category01,Kg,83,94.62,1419.3000000000002,1245,174.30000000000018,2022,12,2022-12
2022-12-29,P0042,1,Wholesaler,Cash,0,Product42,Category05,Ft,120,162.0,162.0,120,42.0,2022,12,2022-12
2022-12-30,P0041,14,Direct Sales,Online,0,Product41,Category05,Ft,138,173.88,2434.3199999999997,1932,502.3199999999997,2022,12,2022-12
2022-12-31,P0033,12,Online,Online,0,Product33,Category04,Kg,95,119.7,1436.4,1140,296.4000000000001,2022,12,2022-12
2022-12-31,P0011,6,Online,Online,0,Product11,Category02,Lt,44,48.4,290.4,264,26.399999999999977,2022,12,2022-12
2022-12-31,P0011,3,Wholesaler,Cash,0,Product11,Category02,Lt,44,48.4,145.2,132,13.199999999999989,2022,12,2022-12
